{"cameraMode":{"drawMode":0,"name":"Shaded","section":"Shading Mode"},"sceneLighting":true,"audioPlay":false,"sceneViewState":{"m_AlwaysRefresh":false,"showFog":true,"showSkybox":true,"showFlares":true,"showImageEffects":true,"showParticleSystems":true,"showVisualEffectGraphs":true,"m_FxEnabled":false},"in2DMode":false,"pivot":{"x":-6.554570198059082,"y":3.2317733764648439,"z":10.298216819763184},"rotation":{"x":-0.007193600758910179,"y":0.28287360072135928,"z":-0.002121343743056059,"w":-0.9591298699378967},"size":10.496694564819336,"orthographic":false}