{"cameraMode":{"drawMode":0,"name":"Shaded","section":"Shading Mode"},"sceneLighting":true,"audioPlay":false,"sceneViewState":{"m_AlwaysRefresh":false,"showFog":true,"showSkybox":true,"showFlares":true,"showImageEffects":true,"showParticleSystems":true,"showVisualEffectGraphs":true,"m_FxEnabled":false},"in2DMode":false,"pivot":{"x":-10.838404655456543,"y":4.268314838409424,"z":5.47921085357666},"rotation":{"x":0.0027569287922233345,"y":0.39429014921188357,"z":0.0011831395095214248,"w":-0.9189828038215637},"size":11.013605117797852,"orthographic":false}